{
    "training_accuracy": [0.802,0.8674,0.8808,0.8882,0.8933,0.8974,0.9003,0.9027,0.905,0.9066,0.908,0.9095,0.9104,0.9116,0.9125],
    "training_loss": [0.0072,0.0049,0.0043,0.004,0.0038,0.0036,0.0035,0.0034,0.0033,0.0032,0.0032,0.0031,0.0031,0.003,0.003],
    "validation_accuracy": [0.8661,0.8658,0.8659,0.8923,0.8919,0.892,0.9004,0.9005,0.9001,0.9068,0.9066,0.9065,0.9131,0.913,0.913,0.905,0.9053,0.905,0.915,0.915,0.9149,0.9159,0.9158,0.9155,0.9131,0.9135,0.9131,0.9165,0.9167,0.9165,0.9111,0.9112,0.9115,0.9178,0.9177,0.9179,0.9206,0.9206,0.9206,0.9122,0.9124,0.9121,0.9234,0.923,0.9232],
    "validation_loss": [0.005,0.005,0.005,0.0044,0.0044,0.0044,0.0042,0.0042,0.0042,0.0037,0.0037,0.0037,0.0041,0.0041,0.0041,0.0036,0.0036,0.0036,0.0036,0.0035,0.0035,0.0036,0.0036,0.0036,0.0035,0.0035,0.0035,0.0036,0.0035,0.0036,0.0033,0.0032,0.0032,0.0036,0.0036,0.0036,0.0034,0.0034,0.0034,0.0034,0.0034,0.0034,0.0034,0.0034,0.0034],
    "performance_metrics": {
        "validity": {
            "0.4": [91.33064516129032, 93.54838709677419, 92.84274193548387, 93.8508064516129, 91.22983870967742, 94.95967741935483, 93.54838709677419, 91.93548387096774, 93.8508064516129, 92.43951612903226, 94.45564516129032, 92.84274193548387, 92.33870967741935, 94.35483870967742, 92.33870967741935], 
            "0.5": [88.10483870967742, 91.22983870967742, 89.71774193548387, 91.43145161290323, 87.90322580645162, 92.13709677419355, 90.82661290322581, 88.70967741935483, 91.22983870967742, 89.31451612903226, 92.03629032258065, 90.02016129032258, 89.01209677419355, 92.54032258064517, 89.91935483870968], 
            "0.6": [83.26612903225806, 85.88709677419355, 87.19758064516128, 87.19758064516128, 82.25806451612904, 89.01209677419355, 86.08870967741935, 84.87903225806451, 87.90322580645162, 84.87903225806451, 88.30645161290323, 86.69354838709677, 85.78629032258065, 88.50806451612904, 86.89516129032258]
        },

        "optimality": {
            "0.4": [98.20252060810819, 97.6866892437142, 97.47867087797368, 98.14808935649305, 97.74992140964282, 98.23974062363126, 98.08370335828012, 98.16046250412647, 98.2653781262721, 98.00051223650418, 98.43188084306338, 97.85969962308145, 97.67350156109573, 98.11646804668393, 97.87793001481036], 
            "0.5": [97.4968181772318, 96.70941765650467, 96.74051984292379, 97.44263464761052, 97.16540746032526, 97.99269749577091, 97.55841772754738, 97.72841529728916, 97.77411242142465, 97.2948315777695, 98.10103250286338, 97.29710846641075, 97.32997224054773, 97.70414014766838, 97.39898796453913], 
            "0.6": [96.32597540504277, 95.31009045278348, 95.66962428551277, 96.65984641945028, 96.34756319800381, 97.68335533201177, 97.05628882660575, 97.04512934128216, 96.94012304567656, 96.31193550587228, 97.54797411908002, 96.55228392956715, 96.5445842238939, 97.1511787933397, 96.85817347558287]
        },

        "search_space": {
            "0.4": [4.885656828593031, 4.139941318587174, 3.767207644631955, 3.590333989636002, 3.356840676268119, 3.719142893734816, 3.3463568458061363, 3.2256978857036844, 3.3716829818651575, 3.2410691588998706, 3.3999895543912575, 3.114245131755847, 3.0602940639067717, 3.3392063429821315, 2.9683247077057766], 
            "0.5": [4.293577825212693, 3.664733126547242, 3.3757728770544078, 3.215201315568398, 2.9849081194651625, 3.306443190716881, 2.9947680466894746, 2.896736496440262, 3.010040107292023, 2.8744776923765696, 3.0582186372212816, 2.825054088415969, 2.749218622923872, 3.0004293781812894, 2.7064388462098132], 
            "0.6": [3.711146598152576, 3.1840670666817337, 3.0092035702253717, 2.8246387220751563, 2.6300128495619894, 2.943701115200234, 2.639613528576206, 2.592575113641003, 2.693712216171533, 2.511026697985463, 2.7085936238662307, 2.5283931464796767, 2.455133653962881, 2.6702569840718775, 2.417440902589912]
        }
    }
}